,Job,Create,Start,Wait
0,falcon-pod-a01,2023-10-05 15:26:02+00:00,2023-10-05 15:28:03,121.0
1,falcon-pod-a02,2023-10-05 15:17:34+00:00,2023-10-05 15:17:34,0.0
2,falcon-pod-a03,2023-10-05 15:24:09+00:00,2023-10-05 15:24:32,23.0
3,falcon-pod-a04,2023-10-05 15:29:43+00:00,2023-10-05 15:30:27,44.0
4,falcon-pod-a05,2023-10-05 15:18:17+00:00,2023-10-05 15:18:24,7.0
5,falcon-pod-b01,2023-10-05 15:33:18+00:00,2023-10-05 15:33:18,0.0
6,falcon-pod-b02,2023-10-05 15:15:16+00:00,2023-10-05 15:15:16,0.0
7,falcon-pod-b03,2023-10-05 15:22:48+00:00,2023-10-05 15:22:48,0.0
8,falcon-pod-b04,2023-10-05 15:14:16+00:00,2023-10-05 15:14:16,0.0
9,falcon-pod-b05,2023-10-05 15:20:08+00:00,2023-10-05 15:20:08,0.0
10,falcon-pod-c01,2023-10-05 15:19:20+00:00,2023-10-05 15:19:20,0.0
11,falcon-pod-c02,2023-10-05 15:30:28+00:00,2023-10-05 15:33:18,170.0
12,falcon-pod-c03,2023-10-05 15:12:16+00:00,2023-10-05 15:12:16,0.0
13,falcon-pod-c04,2023-10-05 15:28:44+00:00,2023-10-05 15:29:42,58.0
14,falcon-pod-c05,2023-10-05 15:28:04+00:00,2023-10-05 15:28:43,39.0
15,falcon-pod-c06,2023-10-05 15:13:27+00:00,2023-10-05 15:13:27,0.0
16,falcon-pod-c07,2023-10-05 15:25:01+00:00,2023-10-05 15:25:15,14.0
17,falcon-pod-c08,2023-10-05 15:21:00+00:00,2023-10-05 15:22:48,108.0
18,falcon-pod-c09,2023-10-05 15:23:03+00:00,2023-10-05 15:23:31,28.0
19,falcon-pod-c10,2023-10-05 15:16:14+00:00,2023-10-05 15:17:34,80.0
