Job,Offset,Create,Start,Wait,Real Wait
falcon-pod-c03,0 days 00:00:00,2023-10-05 13:23:24+00:00,2023-10-05 13:23:24+00:00,0.0,0.0
falcon-pod-c06,0 days 00:01:11,2023-10-05 13:24:36+00:00,2023-10-05 13:24:36+00:00,0.0,1.0
falcon-pod-b04,0 days 00:02:00,2023-10-05 13:25:25+00:00,2023-10-05 13:25:25+00:00,0.0,1.0
falcon-pod-b02,0 days 00:03:00,2023-10-05 13:26:24+00:00,2023-10-05 13:26:24+00:00,0.0,0.0
falcon-pod-c10,0 days 00:03:58,2023-10-05 13:27:23+00:00,2023-10-05 13:28:42+00:00,79.0,80.0
falcon-pod-a02,0 days 00:05:10,2023-10-05 13:28:42+00:00,2023-10-05 13:28:42+00:00,0.0,8.0
falcon-pod-a05,0 days 00:06:01,2023-10-05 13:29:26+00:00,2023-10-05 13:29:26+00:00,0.0,1.0
falcon-pod-c01,0 days 00:07:03,2023-10-05 13:30:27+00:00,2023-10-05 13:30:27+00:00,0.0,0.0
falcon-pod-b05,0 days 00:07:51,2023-10-05 13:31:15+00:00,2023-10-05 13:31:16+00:00,1.0,1.0
falcon-pod-c08,0 days 00:08:43,2023-10-05 13:32:08+00:00,2023-10-05 13:33:57+00:00,109.0,110.0
falcon-pod-b03,0 days 00:09:35,2023-10-05 13:33:57+00:00,2023-10-05 13:33:57+00:00,0.0,58.0
falcon-pod-c09,0 days 00:10:46,2023-10-05 13:34:11+00:00,2023-10-05 13:34:34+00:00,23.0,24.0
falcon-pod-a03,0 days 00:11:52,2023-10-05 13:35:17+00:00,2023-10-05 13:35:39+00:00,22.0,23.0
falcon-pod-c07,0 days 00:12:44,2023-10-05 13:36:08+00:00,2023-10-05 13:39:11+00:00,183.0,183.0
falcon-pod-a01,0 days 00:13:45,2023-10-05 13:39:12+00:00,2023-10-05 13:39:12+00:00,0.0,123.0
falcon-pod-c05,0 days 00:14:50,2023-10-05 13:39:13+00:00,2023-10-05 13:39:46+00:00,33.0,92.0
falcon-pod-c04,0 days 00:15:52,2023-10-05 13:39:46+00:00,2023-10-05 13:40:50+00:00,64.0,94.0
falcon-pod-a04,0 days 00:16:50,2023-10-05 13:40:51+00:00,2023-10-05 13:44:26+00:00,215.0,252.0
falcon-pod-c02,0 days 00:17:50,2023-10-05 13:44:27+00:00,2023-10-05 13:44:30+00:00,3.0,196.0
falcon-pod-b01,0 days 00:18:42,2023-10-05 13:44:31+00:00,2023-10-05 13:44:31+00:00,0.0,145.0
