2023-10-06 23:55:02,b01
2023-10-06 23:56:07,a04
2023-10-06 23:57:02,c04
2023-10-06 23:58:12,b03
2023-10-06 23:59:32,b05
2023-10-07 00:00:37,d01
2023-10-07 00:01:36,b04
2023-10-07 00:02:29,d04
2023-10-07 00:03:28,a01
2023-10-07 00:04:34,d05
2023-10-07 00:05:35,a02
2023-10-07 00:06:31,d02
2023-10-07 00:07:29,a05
2023-10-07 00:08:20,b02
2023-10-07 00:09:25,c01
2023-10-07 00:10:29,c03
2023-10-07 00:11:21,c05
2023-10-07 00:12:13,d03
2023-10-07 00:13:18,c02
2023-10-07 00:14:36,a03
